member,station, address
GreatNorthAirAmbulance,DurhamTeesValleyAirport,
GreatNorthAirAmbulance,Langwathby,
DevonAirAmbulanceTrust,Exeter,ExeterInternationalAirport  Exeter  Devon  EX27HQ 
DevonAirAmbulanceTrust,SteveFordAirbaseinNorthDevon,SteveFordAirbase  Eaglescott  Umberleigh  Burrington  Devon  EX379LH 
NorthWestAirAmbulanceCharity,CItyHeliport Barton Manchester,LiverpoolRoad  Manchester  M307SA 
DorsetandSomersetAirAmbulance,HenstridgeAirfield,HenstridgeAirfield  TheMarsh  Templecombe  Somerset  BA80TN 
MidlandsAirAmbulanceCharity,CosfordAirbase,Cosford  Albrighton  NrWolverhampton  WestMidlands  WV73EX 
MidlandsAirAmbulanceCharity,StrenshamAirbase,M5Services  Northbound  Strensham  Worcestershire  WR80BZ 
MidlandsAirAmbulanceCharity,TatenhillAirbase,NewboroughRoad  Needwood  Burton-on-Trent  Staffordshire  DE139PD 
EastAnglianAirAmbulance,CambridgeAirport,CambridgeAirport  NewmarketRoad  Cambridge  Cambs  CB58UU 
ThamesValleyAirAmbulance,RAFBenson, 
EastAnglianAirAmbulance,NorwichAirport,NorwichAirport  HangarE  GamblingClose  Norwich  Norfolk  NR66EG 
Essex&HertsAirAmbulance,EssexAirAmbulanceEarlsColneAirbase,Hangar1  EarlsColneAirfield  EarlsColne  Colchester  Essex  CO62NS 
Essex&HertsAirAmbulance,HertsAirAmbulanceAirbase,Hangar7  NorthWealdAirfield  NorthWeald  Essex  CM166HR 
HampshireandIsleofWightAirAmbulance,ThruxtonAirbase, 
CornwallAirAmbulanceTrust,CharityandOperationsHQ,CornwallAirAmbulanceTrustHQ  TrevithickDowns  Newquay  Cornwall  TR84DY 
ScottishAmbulanceService,GlasgowRotary,CityHeliport  110StobcrossRoad  Glasgow  Lanarkshire  G38QQ 
ScottishAmbulanceService,InvernessRotary,InvernessAirport  Inverness  IV27JB 
ScottishAmbulanceService,GlasgowFixed-wing,ScottishAirAmbulanceDivisionalHQ  180AbbotsinchRoad  Paisley  Renfrewshire  PA32RY 
ScottishAmbulanceService,AberdeenFixed-wing,Hangar3  AberdeenAirportEast  FarburnTerrace  Aberdeen  AB217DT 
TheAirAmbulanceService,CoventryAirport, 
TheAirAmbulanceService,EastMidlandsAirport, 
YorkshireAirAmbulance,RAFTopcliffe,
YorkshireAirAmbulance,TheNostellPrioryEstate,
NorthWestAirAmbulanceCharity,BlackpoolAirport, 
WalesAirAmbulanceCharity,CharityHQandSouthBase,TÅ·Elusen FforddAngel  LlanelliGate  Dafen  Llanelli  SA148LQ 
WalesAirAmbulanceCharity,NorthBase,CaernarfonAirport  DinasDinlle  Caernarfon  LL545TP 
WalesAirAmbulanceCharity,MidBase,MidWalesAirport  Welshpool  SY218SG 
MagpasAirAmbulance,RAFWyton Cambridgeshire, 
LincolnshireandNottinghamshireAirAmbulanceTrust,RAFWaddington Lincolnshire, 
Kent Surrey&SussexAirAmbulance,MardenHQ, 
GreatWesternAirAmbulanceCharity,FiltonAirport Bristol, 
Kent Surrey&SussexAirAmbulance,Redhill, 
Scotland'sCharityAirAmbulance,Scotland'sCharityAirAmbulance,TheControlTower  PerthAirport  Scone  Perth  Perthshire  PH26PL 
WiltshireAirAmbulance,OperationsCentre,LondonRoad  Devizes  Wiltshire  SN102DN 
London'sAirAmbulance,London'sHelipad, 
NorthWestAirAmbulanceCharity,Birkenhead, 
WalesAirAmbulanceCharity,SouthBase(East),CardiffHeliport  ForeshoreRoad  Cardiff  CF104LZ 
AirAmbulanceNorthernIreland,Headquarters,MooreStephens(NI)LLPDonegalHouse  7DonegalSquareNorth  Belfast  BT15EB 
